﻿Designator,Footprint,Quantity,Value,LCSC Part #
"D1, D10, D11, D12, D13, D14, D15, D16, D17, D18, D19, D2, D20, D21, D22, D23, D24, D25, D26, D27, D28, D29, D3, D30, D31, D32, D33, D34, D35, D36, D37, D38, D39, D4, D40, D41, D42, D5, D6, D7, D8, D9",D3_SMD_v2,42,D,
"MOUSE-BITE-2MM-SLOT_8, MOUSE-BITE-2MM-SLOT_7, MOUSE-BITE-2MM-SLOT_6, MOUSE-BITE-2MM-SLOT_5, MOUSE-BITE-2MM-SLOT_4, MOUSE-BITE-2MM-SLOT_3, MOUSE-BITE-2MM-SLOT_2, MOUSE-BITE-2MM-SLOT",mouse-bite-2mm-slot,8,VAL**,
"RSW1, RSW2",ResetSW_1side,2,SW_PUSH,
"SW1, SW10, SW11, SW12, SW13, SW14, SW15, SW16, SW17, SW18, SW19, SW2, SW20, SW21, SW22, SW23, SW24, SW25, SW26, SW27, SW28, SW29, SW3, SW30, SW31, SW32, SW33, SW34, SW35, SW36, SW37, SW38, SW39, SW4, SW40, SW41, SW42, SW5, SW6, SW7, SW8, SW9",Cherry_ULP_SMD,42,SW_PUSH,
"SW43, SW44",SW_PCM12SMTR,2,PCM12SMTR,
"U1, U2",ProMicro_v3,2,ProMicro,
"U3, U5",PinHeader_1x02_P2.54mm_Vertical,2,~,
